utc_timestamp,Price_Day_Ahead_EUR_per_MWh,Load_MW,Supply_MW,Wind_Generation_MW,Solar_Generation_MW,temperature
2023-01-01T00:00:00+0200,87.29,24827.44,16918.46,6993,1285,21.5
2023-01-01T01:00:00+0200,106.08,19398.01,21723.88,4977,870,19.6
2023-01-01T02:00:00+0200,87.96,45289.57,13957.9,8972,1649,10.6
2023-01-01T03:00:00+0200,140.03,15891.19,45716.87,3330,3261,17.0
2023-01-01T04:00:00+0200,103.18,23506.59,31756.62,1244,3831,-0.5
2023-01-01T05:00:00+0200,106.27,29530.52,51666.32,1617,632,10.8
2023-01-01T06:00:00+0200,117.58,45616.62,48252.76,5269,127,17.6
2023-01-01T07:00:00+0200,62.85,16850.22,12371.19,1715,3936,34.5
2023-01-01T08:00:00+0200,51.9,30187.36,34430.38,5839,3296,-5.3
2023-01-01T09:00:00+0200,109.4,16080.7,18725.91,9021,512,17.1
2023-01-01T10:00:00+0200,127.96,14845.17,20681.42,2480,2706,8.5
2023-01-01T11:00:00+0200,72.0,39587.37,34213.47,9568,2816,21.3
2023-01-01T12:00:00+0200,45.81,38656.13,14864.94,9669,1037,26.8
2023-01-01T13:00:00+0200,34.17,27778.4,42179.14,9483,3850,15.3
2023-01-01T14:00:00+0200,136.85,18449.67,31868.92,6105,582,-9.1
2023-01-01T15:00:00+0200,32.77,39435.25,26932.03,3875,452,24.2
2023-01-01T16:00:00+0200,85.96,14716.0,31501.17,3831,1540,29.9
2023-01-01T17:00:00+0200,135.35,32318.69,31154.56,5171,890,27.7
2023-01-01T18:00:00+0200,51.83,45424.44,18345.7,5005,4248,10.5
2023-01-01T19:00:00+0200,131.54,20203.24,50900.01,6778,4321,11.5
2023-01-01T20:00:00+0200,141.26,41481.16,27200.73,849,2519,10.7
2023-01-01T21:00:00+0200,139.47,25686.65,35977.88,5770,2365,1.7
2023-01-01T22:00:00+0200,75.26,47013.74,39431.14,8417,1111,-4.5
2023-01-01T23:00:00+0200,98.4,33461.95,31814.41,8365,1318,7.1
2023-01-02T00:00:00+0200,146.77,46211.52,44888.52,7772,1658,12.6
2023-01-02T01:00:00+0200,104.49,26306.42,26990.49,4808,3507,23.2
2023-01-02T02:00:00+0200,142.5,34911.52,47111.35,4180,2396,22.7
2023-01-02T03:00:00+0200,90.62,16418.51,33407.91,6595,964,9.6
2023-01-02T04:00:00+0200,121.6,13977.11,19389.37,9651,41,29.5
2023-01-02T05:00:00+0200,43.19,16678.41,25990.79,1341,3173,3.6
2023-01-02T06:00:00+0200,83.39,11555.23,49017.42,4538,4655,4.1
2023-01-02T07:00:00+0200,58.83,44878.09,40159.62,2718,2110,33.0
2023-01-02T08:00:00+0200,126.69,36296.23,44231.55,3226,2879,19.8
2023-01-02T09:00:00+0200,39.59,30867.18,26765.48,429,1292,-0.1
2023-01-02T10:00:00+0200,39.18,35850.54,22776.49,7287,2415,8.5
2023-01-02T11:00:00+0200,81.23,19456.93,25929.6,7137,4613,3.5
2023-01-02T12:00:00+0200,119.08,18581.17,30583.9,4222,2123,10.2
2023-01-02T13:00:00+0200,83.92,39438.88,15689.22,3551,4610,22.2
2023-01-02T14:00:00+0200,38.02,39934.9,28533.41,9126,1351,7.2
2023-01-02T15:00:00+0200,65.45,43115.18,38008.3,6145,305,-6.4
2023-01-02T16:00:00+0200,146.08,39089.32,39457.9,1498,238,4.2
2023-01-02T17:00:00+0200,137.28,23764.5,33263.78,9142,3811,-1.2
2023-01-02T18:00:00+0200,34.76,14941.34,46555.17,1859,624,-6.9
2023-01-02T19:00:00+0200,55.78,48138.19,39282.77,8164,2606,25.1
2023-01-02T20:00:00+0200,80.01,18874.94,48300.22,8546,4469,3.3
2023-01-02T21:00:00+0200,104.01,31427.04,37282.4,3945,1274,19.4
2023-01-02T22:00:00+0200,51.86,36699.11,48108.67,8816,2313,-1.2
2023-01-02T23:00:00+0200,102.93,47928.46,41746.96,724,3378,-5.3
2023-01-03T00:00:00+0200,143.11,35602.92,40997.8,3107,4943,16.4
2023-01-03T01:00:00+0200,105.27,16316.72,32097.54,4228,4338,5.8
2023-01-03T02:00:00+0200,87.43,38952.73,51152.49,8646,1549,0.3
2023-01-03T03:00:00+0200,85.39,40120.96,48902.94,9345,3113,27.4
2023-01-03T04:00:00+0200,137.76,46998.06,23184.67,7924,2735,-6.0
2023-01-03T05:00:00+0200,45.16,27133.51,41725.77,3650,3854,14.4
2023-01-03T06:00:00+0200,146.82,30008.55,33089.56,3245,438,24.3
2023-01-03T07:00:00+0200,86.86,24462.58,27902.48,3918,240,24.0
2023-01-03T08:00:00+0200,42.62,25218.23,17623.74,2564,2568,9.9
2023-01-03T09:00:00+0200,117.29,29626.72,40844.54,978,179,32.9
2023-01-03T10:00:00+0200,40.35,28742.42,29919.93,5581,470,11.8
2023-01-03T11:00:00+0200,144.03,47930.05,51789.11,8775,2639,14.3
2023-01-03T12:00:00+0200,108.41,48461.75,26219.12,8426,2517,23.1
2023-01-03T13:00:00+0200,137.04,13084.64,44931.45,6872,903,16.5
2023-01-03T14:00:00+0200,108.68,42581.37,14474.33,3023,3749,34.3
2023-01-03T15:00:00+0200,105.75,22250.32,20734.14,43,4984,34.8
2023-01-03T16:00:00+0200,59.45,18246.94,35067.05,6173,1217,-4.2
2023-01-03T17:00:00+0200,139.18,31450.95,15116.28,3837,4892,19.6
2023-01-03T18:00:00+0200,98.27,28358.18,37212.79,4693,2459,7.9
2023-01-03T19:00:00+0200,70.56,33229.96,30709.29,5166,2110,0.3
2023-01-03T20:00:00+0200,133.59,44373.17,20808.07,5449,279,14.3
2023-01-03T21:00:00+0200,128.21,12606.61,42751.14,4593,4718,26.7
2023-01-03T22:00:00+0200,144.01,14284.23,45037.03,5078,1295,0.0
2023-01-03T23:00:00+0200,115.34,32049.44,47338.52,6548,4288,1.3
2023-01-04T00:00:00+0200,143.55,30505.18,38998.54,1292,1377,-2.1
2023-01-04T01:00:00+0200,58.61,36602.84,51159.18,2708,1005,8.7
2023-01-04T02:00:00+0200,130.15,33738.29,16487.93,1418,4140,29.1
2023-01-04T03:00:00+0200,72.61,27206.56,49720.67,3323,3449,-3.1
2023-01-04T04:00:00+0200,64.95,47456.04,41811.64,6756,2253,-0.2
2023-01-04T05:00:00+0200,35.65,44379.03,12732.77,8062,749,25.7
2023-01-04T06:00:00+0200,70.16,48677.78,18244.66,6592,2697,12.1
2023-01-04T07:00:00+0200,50.78,37203.39,20740.05,8615,2844,27.0
2023-01-04T08:00:00+0200,127.05,12462.69,18324.08,5493,4889,19.6
2023-01-04T09:00:00+0200,46.87,48369.15,24309.37,902,2890,-9.5
2023-01-04T10:00:00+0200,68.86,36990.44,15214.78,9665,1975,10.8
2023-01-04T11:00:00+0200,45.42,10816.82,41491.45,2,2876,7.0
2023-01-04T12:00:00+0200,126.32,30232.49,24727.87,7913,646,31.3
2023-01-04T13:00:00+0200,41.7,19733.33,13278.26,7494,1126,29.8
2023-01-04T14:00:00+0200,59.23,36724.76,16303.11,1298,4126,19.2
2023-01-04T15:00:00+0200,69.4,19523.48,13161.96,9189,2448,0.1
2023-01-04T16:00:00+0200,79.78,45111.6,29491.67,7003,3919,-4.5
2023-01-04T17:00:00+0200,132.76,27487.76,21376.12,9814,3847,24.7
2023-01-04T18:00:00+0200,101.2,18047.89,16586.66,2096,1634,18.9
2023-01-04T19:00:00+0200,41.56,29351.63,19121.14,5520,191,-0.4
2023-01-04T20:00:00+0200,35.27,37588.71,15382.3,5688,3273,1.4
2023-01-04T21:00:00+0200,119.01,45478.41,17898.56,9002,2937,-7.7
2023-01-04T22:00:00+0200,66.12,45141.99,51781.69,3593,2463,-6.7
2023-01-04T23:00:00+0200,130.1,17543.22,18090.22,9974,2273,23.0
2023-01-05T00:00:00+0200,98.26,11864.83,37517.77,416,1154,-6.4
2023-01-05T01:00:00+0200,103.62,26599.14,49159.03,3930,1955,-3.0
2023-01-05T02:00:00+0200,41.71,20015.56,32662.8,6598,260,4.8
2023-01-05T03:00:00+0200,89.29,48548.9,15403.81,2474,1349,13.6
2023-01-05T04:00:00+0200,65.06,18178.01,38694.86,4339,3142,8.5
2023-01-05T05:00:00+0200,53.59,17533.96,17085.15,8904,2338,2.7
2023-01-05T06:00:00+0200,56.97,25232.37,39199.78,250,4173,23.7
2023-01-05T07:00:00+0200,44.54,11311.38,32377.13,1391,1919,32.5
2023-01-05T08:00:00+0200,111.27,45212.23,49898.77,980,2118,3.7
2023-01-05T09:00:00+0200,35.17,38153.28,51131.85,3550,3701,8.6
2023-01-05T10:00:00+0200,140.88,48687.68,39977.36,6666,425,22.4
2023-01-05T11:00:00+0200,35.92,35148.02,44366.48,9821,1632,23.5
2023-01-05T12:00:00+0200,134.26,16264.8,23576.22,7598,3321,16.7
2023-01-05T13:00:00+0200,146.98,13375.43,20175.21,3605,3968,16.7
2023-01-05T14:00:00+0200,101.58,43374.6,21915.23,6533,622,11.2
2023-01-05T15:00:00+0200,36.33,20331.15,35855.85,5360,4034,2.0
2023-01-05T16:00:00+0200,57.24,31249.08,30988.38,367,4560,11.4
2023-01-05T17:00:00+0200,60.6,25922.95,33530.74,9446,956,16.6
2023-01-05T18:00:00+0200,42.46,36291.2,45871.15,503,1590,19.8
2023-01-05T19:00:00+0200,70.51,11284.94,44740.56,5957,2484,15.0
2023-01-05T20:00:00+0200,36.74,44723.23,42997.08,1864,1687,-8.6
2023-01-05T21:00:00+0200,30.89,20739.8,16843.83,7139,2009,-8.3
2023-01-05T22:00:00+0200,133.42,19295.9,30880.51,5982,468,20.3
2023-01-05T23:00:00+0200,144.55,34081.3,14017.37,5572,1996,12.8
2023-01-06T00:00:00+0200,95.79,40227.3,35979.36,2702,735,18.0
2023-01-06T01:00:00+0200,71.4,49103.19,38585.84,9605,3134,-1.0
2023-01-06T02:00:00+0200,60.23,38974.24,20177.16,6792,61,8.0
2023-01-06T03:00:00+0200,117.04,37505.05,20508.5,8508,4972,25.1
2023-01-06T04:00:00+0200,136.32,37735.0,38933.59,8512,4366,12.2
2023-01-06T05:00:00+0200,131.27,33682.73,38793.99,5947,217,34.0
2023-01-06T06:00:00+0200,103.25,10278.4,45732.48,7308,3030,20.3
2023-01-06T07:00:00+0200,106.19,38198.07,39536.07,7895,1803,29.0
2023-01-06T08:00:00+0200,111.47,44435.96,27021.63,9751,4211,10.8
2023-01-06T09:00:00+0200,73.01,45664.56,14977.65,9579,3809,-8.9
2023-01-06T10:00:00+0200,36.7,19426.39,28852.02,2555,1845,8.9
2023-01-06T11:00:00+0200,109.64,43740.83,21454.02,742,2160,7.2
2023-01-06T12:00:00+0200,87.57,28817.22,21437.87,7171,1308,13.6
2023-01-06T13:00:00+0200,59.26,12257.35,39333.63,9219,3385,0.2
2023-01-06T14:00:00+0200,73.7,42543.34,31867.42,3069,3646,0.1
2023-01-06T15:00:00+0200,98.6,47134.11,34488.12,6432,921,8.2
2023-01-06T16:00:00+0200,36.64,40514.1,47346.42,8429,1629,24.2
2023-01-06T17:00:00+0200,122.67,40642.51,37813.47,457,1243,-4.9
2023-01-06T18:00:00+0200,104.49,24376.69,39863.78,306,1561,10.1
2023-01-06T19:00:00+0200,54.55,23435.83,28881.16,1232,3078,6.6
2023-01-06T20:00:00+0200,116.12,48753.59,49893.48,6232,2756,34.8
2023-01-06T21:00:00+0200,110.92,37266.55,20353.13,1232,2222,12.8
2023-01-06T22:00:00+0200,135.86,12352.94,48111.22,3218,3228,26.9
2023-01-06T23:00:00+0200,43.59,32419.25,38573.29,1123,4479,26.4
2023-01-07T00:00:00+0200,36.16,43942.84,35446.48,3301,1481,34.2
2023-01-07T01:00:00+0200,63.57,47859.9,13234.17,999,2673,-0.7
2023-01-07T02:00:00+0200,33.54,34794.06,50308.94,1372,3006,32.9
2023-01-07T03:00:00+0200,93.37,10660.38,13191.88,8122,1316,8.1
2023-01-07T04:00:00+0200,121.45,31535.92,31748.86,8423,314,31.5
2023-01-07T05:00:00+0200,76.03,11819.52,43916.97,6537,4604,21.3
2023-01-07T06:00:00+0200,73.57,13742.74,46183.89,2303,564,-6.2
2023-01-07T07:00:00+0200,120.58,39014.31,13665.62,7289,415,0.2
2023-01-07T08:00:00+0200,142.48,21609.44,36517.53,3370,292,16.3
2023-01-07T09:00:00+0200,60.09,40994.5,33321.06,2001,520,8.7
2023-01-07T10:00:00+0200,89.46,16731.6,42638.84,9779,1773,-6.3
2023-01-07T11:00:00+0200,141.79,29113.49,45218.54,9328,4924,15.2
2023-01-07T12:00:00+0200,124.9,23930.43,50497.02,3873,1071,0.1
2023-01-07T13:00:00+0200,105.53,46397.1,32859.1,294,2657,16.3
2023-01-07T14:00:00+0200,82.58,16002.74,18003.54,5581,1544,6.2
2023-01-07T15:00:00+0200,147.82,24839.31,38131.73,8111,22,4.7
2023-01-07T16:00:00+0200,109.76,49303.32,33576.89,2574,3099,2.2
2023-01-07T17:00:00+0200,83.01,35861.59,26933.41,6271,2349,15.6
2023-01-07T18:00:00+0200,136.81,31122.08,30879.85,1248,68,34.2
2023-01-07T19:00:00+0200,91.89,18941.8,47853.46,8186,1889,20.8
2023-01-07T20:00:00+0200,138.72,27319.84,43760.26,3096,4830,13.1
2023-01-07T21:00:00+0200,99.94,14892.21,48494.5,2348,1811,31.7
2023-01-07T22:00:00+0200,83.95,41493.79,41059.4,3251,443,31.9
2023-01-07T23:00:00+0200,111.93,30818.54,20826.38,3465,2221,-3.6
2023-01-08T00:00:00+0200,61.22,39900.4,50361.46,6290,4476,22.2
2023-01-08T01:00:00+0200,76.77,25323.8,14321.38,3842,2360,1.8
2023-01-08T02:00:00+0200,59.2,32122.64,21972.43,4945,3192,-6.6
2023-01-08T03:00:00+0200,112.29,42390.74,18473.61,6268,3157,11.1
2023-01-08T04:00:00+0200,72.94,31568.35,47119.25,9785,2897,28.2
2023-01-08T05:00:00+0200,49.18,43187.89,32852.85,9841,3806,-0.3
2023-01-08T06:00:00+0200,84.21,30808.63,34576.19,7748,1040,8.7
2023-01-08T07:00:00+0200,105.96,17901.68,46943.32,9646,4307,8.5
2023-01-08T08:00:00+0200,138.68,41497.39,37600.6,7510,3914,13.9
2023-01-08T09:00:00+0200,70.98,32468.37,26445.4,5858,3124,25.5
2023-01-08T10:00:00+0200,116.55,44974.05,46051.5,2503,2532,31.2
2023-01-08T11:00:00+0200,93.01,15495.07,26437.05,8625,3222,19.6
2023-01-08T12:00:00+0200,50.42,29535.63,25272.01,697,3628,-0.8
2023-01-08T13:00:00+0200,76.42,17990.08,28911.07,3314,7,16.7
2023-01-08T14:00:00+0200,60.22,41570.75,43100.48,2662,2471,18.3
2023-01-08T15:00:00+0200,63.46,15157.12,50880.64,1646,708,17.2
2023-01-08T16:00:00+0200,58.05,24471.59,33094.79,8681,3499,-9.1
2023-01-08T17:00:00+0200,148.65,19432.94,24554.01,817,2398,14.7
2023-01-08T18:00:00+0200,35.56,21467.3,25934.98,8301,718,3.4
2023-01-08T19:00:00+0200,145.12,28808.67,42100.27,5713,412,-4.3
2023-01-08T20:00:00+0200,101.0,40579.67,45857.61,734,4050,15.3
2023-01-08T21:00:00+0200,60.25,10236.5,46092.16,3219,3632,9.2
2023-01-08T22:00:00+0200,112.61,12709.77,36709.28,7655,3194,14.6
2023-01-08T23:00:00+0200,132.61,12160.76,41419.12,2015,1096,7.4
2023-01-09T00:00:00+0200,34.09,29195.82,37456.21,4923,140,-5.3
2023-01-09T01:00:00+0200,75.44,19927.7,51465.95,7882,3304,0.0
2023-01-09T02:00:00+0200,80.31,10185.45,44674.93,5012,948,12.8
2023-01-09T03:00:00+0200,32.03,20402.93,25755.84,8392,129,11.1
2023-01-09T04:00:00+0200,128.91,20272.37,13249.63,240,3576,-7.8
2023-01-09T05:00:00+0200,117.16,39423.59,38367.72,1564,167,9.8
2023-01-09T06:00:00+0200,79.51,37149.06,15416.23,7653,3650,7.2
2023-01-09T07:00:00+0200,130.04,25519.08,22019.13,5025,743,24.1
2023-01-09T08:00:00+0200,59.74,42579.32,25287.23,9004,3570,6.0
2023-01-09T09:00:00+0200,60.01,43684.19,47015.98,3270,1336,-3.4
2023-01-09T10:00:00+0200,123.88,36641.55,23074.05,4555,240,-7.5
2023-01-09T11:00:00+0200,133.82,42965.89,49884.14,7780,1416,5.0
2023-01-09T12:00:00+0200,72.14,21633.9,46440.96,194,4853,1.2
2023-01-09T13:00:00+0200,59.99,49004.68,21148.57,6694,1943,-0.2
2023-01-09T14:00:00+0200,86.02,43050.4,28740.87,3863,3181,30.1
2023-01-09T15:00:00+0200,148.47,29577.7,19770.64,1989,1667,29.4
2023-01-09T16:00:00+0200,48.17,28796.98,44801.31,4028,1111,23.7
2023-01-09T17:00:00+0200,63.16,27157.01,18368.05,7356,4922,5.6
2023-01-09T18:00:00+0200,138.43,40404.08,38783.57,1740,758,29.9
2023-01-09T19:00:00+0200,55.52,42907.23,13128.13,2910,861,31.6
2023-01-09T20:00:00+0200,78.16,15709.06,42931.69,1239,2572,28.9
2023-01-09T21:00:00+0200,41.91,48266.34,36884.59,3841,956,5.7
2023-01-09T22:00:00+0200,142.36,15527.24,33650.52,7702,3425,24.9
2023-01-09T23:00:00+0200,116.43,38351.34,37059.2,3603,4168,3.6
2023-01-10T00:00:00+0200,132.79,28216.3,20201.66,5566,2077,17.9
2023-01-10T01:00:00+0200,114.31,15981.08,39383.18,3815,4545,-7.0
2023-01-10T02:00:00+0200,110.79,15118.54,46547.07,3114,3920,3.5
2023-01-10T03:00:00+0200,111.41,41524.32,20984.93,5909,3825,-5.4
2023-01-10T04:00:00+0200,133.5,36675.25,30915.26,8792,2447,1.9
2023-01-10T05:00:00+0200,76.56,23114.97,17353.5,6570,470,-4.3
2023-01-10T06:00:00+0200,138.95,22922.06,45963.51,6049,4947,18.8
2023-01-10T07:00:00+0200,129.41,14643.31,32165.88,8679,2286,-3.0
2023-01-10T08:00:00+0200,137.05,26476.57,26242.0,1641,4981,13.2
2023-01-10T09:00:00+0200,98.31,16950.72,33931.19,5484,4349,34.9
2023-01-10T10:00:00+0200,46.78,37663.57,24220.06,1903,4437,-4.7
2023-01-10T11:00:00+0200,36.72,31408.93,13122.62,2450,2606,28.5
2023-01-10T12:00:00+0200,59.21,41587.58,36341.79,3363,3548,26.8
2023-01-10T13:00:00+0200,36.07,14866.85,50853.46,3165,1933,-4.8
2023-01-10T14:00:00+0200,121.77,41775.17,20521.71,2440,4491,26.5
2023-01-10T15:00:00+0200,89.48,17215.33,37750.1,1053,146,22.8
2023-01-10T16:00:00+0200,140.07,35933.91,51975.99,3214,2848,2.3
2023-01-10T17:00:00+0200,123.56,40420.8,14860.72,4863,1267,23.2
2023-01-10T18:00:00+0200,88.96,28022.61,34143.84,9059,4186,34.4
2023-01-10T19:00:00+0200,94.93,44704.02,40821.75,1712,3507,0.9
2023-01-10T20:00:00+0200,101.05,19340.88,39928.45,1239,1122,-1.3
2023-01-10T21:00:00+0200,136.39,13164.44,23987.9,9021,189,13.7
2023-01-10T22:00:00+0200,83.45,24793.62,18897.4,4889,2735,-4.4
2023-01-10T23:00:00+0200,42.79,11640.22,26296.44,2922,2663,17.2
2023-01-11T00:00:00+0200,37.42,42613.93,18533.04,6086,4999,7.0
2023-01-11T01:00:00+0200,98.95,47743.86,45098.77,7457,1024,16.0
2023-01-11T02:00:00+0200,116.56,24572.5,16467.03,328,2268,7.1
2023-01-11T03:00:00+0200,85.31,18931.34,30118.63,7,1538,28.5
2023-01-11T04:00:00+0200,105.32,12947.09,28689.67,2502,700,13.4
2023-01-11T05:00:00+0200,141.23,36457.9,40419.36,793,4764,20.6
2023-01-11T06:00:00+0200,65.0,22294.91,50137.3,1740,948,12.4
2023-01-11T07:00:00+0200,84.05,27723.1,22836.12,5989,1973,8.6
2023-01-11T08:00:00+0200,146.41,49705.62,46628.61,1878,148,18.4
2023-01-11T09:00:00+0200,71.7,38859.29,29907.67,9825,274,6.4
2023-01-11T10:00:00+0200,113.7,32324.38,30479.47,9292,2392,3.5
2023-01-11T11:00:00+0200,68.46,26240.89,33211.61,1289,3668,19.9
2023-01-11T12:00:00+0200,121.81,17865.6,31880.05,3804,3245,-0.0
2023-01-11T13:00:00+0200,31.4,17177.98,36870.14,7882,373,20.1
2023-01-11T14:00:00+0200,58.78,25344.14,40659.12,3386,1158,11.4
2023-01-11T15:00:00+0200,107.34,41426.78,18891.94,8277,188,-4.2
2023-01-11T16:00:00+0200,125.24,38194.02,30556.74,8252,4000,14.3
2023-01-11T17:00:00+0200,42.92,46897.0,50382.04,7691,25,-5.1
2023-01-11T18:00:00+0200,101.21,11619.18,45284.36,6798,3433,30.0
2023-01-11T19:00:00+0200,126.63,41422.45,22980.2,3178,2143,27.6
2023-01-11T20:00:00+0200,47.65,34183.35,41514.03,6521,1981,20.3
2023-01-11T21:00:00+0200,86.35,16571.86,18309.07,6293,1444,13.5
2023-01-11T22:00:00+0200,68.54,37900.52,16476.75,2441,1426,17.3
2023-01-11T23:00:00+0200,61.28,49290.63,13614.76,1689,4480,18.4
2023-01-12T00:00:00+0200,48.43,31046.22,25037.56,1419,221,-4.6
2023-01-12T01:00:00+0200,145.85,44901.49,40445.71,7361,2902,21.3
2023-01-12T02:00:00+0200,117.83,15677.77,39574.86,1938,1408,8.3
2023-01-12T03:00:00+0200,106.27,11133.94,42124.73,5895,3543,-1.2
2023-01-12T04:00:00+0200,118.63,35476.58,15001.79,5542,252,28.0
2023-01-12T05:00:00+0200,122.07,31407.55,12088.09,3377,4737,10.8
2023-01-12T06:00:00+0200,30.9,14096.87,31366.68,8230,1863,-7.1
2023-01-12T07:00:00+0200,148.96,41189.75,12478.72,6186,3645,14.2
2023-01-12T08:00:00+0200,66.73,39495.73,18066.45,1479,4956,7.9
2023-01-12T09:00:00+0200,119.81,47025.92,17132.17,5826,1538,1.2
2023-01-12T10:00:00+0200,101.09,39233.81,15787.23,4586,3810,-4.1
2023-01-12T11:00:00+0200,102.73,28809.68,14641.57,8098,4983,20.9
2023-01-12T12:00:00+0200,62.08,22308.98,46249.83,1990,4580,13.6
2023-01-12T13:00:00+0200,72.0,13909.44,30414.97,2,13,-8.9
2023-01-12T14:00:00+0200,61.63,38564.41,33479.75,431,3950,7.6
2023-01-12T15:00:00+0200,42.98,30920.22,29712.96,9644,205,30.3
2023-01-12T16:00:00+0200,65.72,45677.88,18355.45,7767,4226,18.5
2023-01-12T17:00:00+0200,111.38,39658.06,44534.51,164,1477,23.5
2023-01-12T18:00:00+0200,79.71,17539.65,36389.39,1541,4386,-9.1
2023-01-12T19:00:00+0200,77.57,48740.26,42047.04,462,894,26.2
2023-01-12T20:00:00+0200,87.31,12644.07,22998.62,3552,2788,8.3
2023-01-12T21:00:00+0200,37.26,26075.77,23408.28,2417,1302,34.8
2023-01-12T22:00:00+0200,37.85,17511.33,31275.42,3813,1022,15.4
2023-01-12T23:00:00+0200,40.69,11937.97,14024.24,9247,3874,3.7
2023-01-13T00:00:00+0200,103.06,11752.93,24379.01,1923,3760,9.1
2023-01-13T01:00:00+0200,36.98,38176.5,23179.27,1035,1064,7.9
2023-01-13T02:00:00+0200,83.49,33313.49,19660.21,779,471,30.7
2023-01-13T03:00:00+0200,61.24,28867.74,23696.64,9901,2243,1.7
2023-01-13T04:00:00+0200,125.39,24043.98,20492.56,7750,4746,3.3
2023-01-13T05:00:00+0200,103.74,49891.1,27171.95,766,2653,1.8
2023-01-13T06:00:00+0200,86.0,36686.81,51157.59,2822,1229,24.8
2023-01-13T07:00:00+0200,115.97,18253.22,19758.06,6586,3588,7.6
2023-01-13T08:00:00+0200,60.35,46580.43,45618.77,9985,4917,18.0
2023-01-13T09:00:00+0200,99.89,46076.68,25560.59,2559,272,11.1
2023-01-13T10:00:00+0200,126.15,44388.62,38400.37,5519,451,15.3
2023-01-13T11:00:00+0200,117.07,17091.1,28033.71,5868,449,-3.4
2023-01-13T12:00:00+0200,95.84,44489.02,18006.74,4045,4153,0.3
2023-01-13T13:00:00+0200,39.62,40449.47,41686.03,8525,3313,14.4
2023-01-13T14:00:00+0200,114.22,32525.72,46910.53,2016,1593,29.9
2023-01-13T15:00:00+0200,131.45,28975.81,30200.8,8442,1262,-2.5
2023-01-13T16:00:00+0200,117.95,13626.51,19608.35,8251,311,34.4
2023-01-13T17:00:00+0200,96.71,14815.44,49385.98,1926,365,19.3
2023-01-13T18:00:00+0200,80.4,20885.91,46702.05,4458,2664,19.9
2023-01-13T19:00:00+0200,144.52,17994.9,12833.22,6843,139,-5.5
2023-01-13T20:00:00+0200,144.73,13754.27,37276.25,4467,632,-3.4
2023-01-13T21:00:00+0200,130.69,35514.91,43893.05,4469,4520,31.9
2023-01-13T22:00:00+0200,32.29,11540.46,43084.75,466,3064,-5.4
2023-01-13T23:00:00+0200,30.11,18949.71,30716.97,7935,3458,31.0
2023-01-14T00:00:00+0200,118.07,12460.33,17664.42,6642,3563,-6.3
2023-01-14T01:00:00+0200,41.21,39099.59,18884.55,7872,2229,-9.6
2023-01-14T02:00:00+0200,107.79,25329.31,50966.17,6178,4262,31.3
2023-01-14T03:00:00+0200,87.58,36200.76,46218.57,5527,1209,-9.1
2023-01-14T04:00:00+0200,90.14,32116.09,34167.6,8610,1903,-5.0
2023-01-14T05:00:00+0200,38.24,39071.69,19718.55,2752,4268,34.8
2023-01-14T06:00:00+0200,42.61,40904.88,45064.33,4945,3125,22.2
2023-01-14T07:00:00+0200,135.95,46065.69,22849.46,2365,4684,23.2
2023-01-14T08:00:00+0200,73.86,18068.95,18011.89,5136,116,0.3
2023-01-14T09:00:00+0200,116.97,45363.19,33922.84,6675,1569,15.6
2023-01-14T10:00:00+0200,149.13,35384.8,42845.06,6703,3828,9.7
2023-01-14T11:00:00+0200,87.03,47637.04,28625.84,1772,4466,17.6
2023-01-14T12:00:00+0200,60.72,10100.46,46823.29,6488,950,11.0
2023-01-14T13:00:00+0200,72.14,23283.48,51105.14,2602,944,-0.5
2023-01-14T14:00:00+0200,129.25,29856.47,19867.11,7835,657,7.8
2023-01-14T15:00:00+0200,98.76,11344.46,48481.89,9986,797,21.3
2023-01-14T16:00:00+0200,76.58,30039.05,25767.8,8421,3396,11.2
2023-01-14T17:00:00+0200,134.28,13192.02,14769.33,4242,786,-5.2
2023-01-14T18:00:00+0200,53.72,40106.17,28459.65,1316,1099,33.4
2023-01-14T19:00:00+0200,43.76,28471.66,46311.17,1900,2262,1.1
2023-01-14T20:00:00+0200,142.5,14943.7,48397.37,4689,2915,-6.1
2023-01-14T21:00:00+0200,49.09,35817.61,23481.72,1013,3047,-5.1
2023-01-14T22:00:00+0200,135.67,32753.26,33799.87,3080,1252,11.0
2023-01-14T23:00:00+0200,114.7,44249.93,45379.21,8441,4572,-7.3
2023-01-15T00:00:00+0200,116.6,41237.4,16964.93,6336,832,1.7
2023-01-15T01:00:00+0200,122.9,28551.33,13633.48,3435,954,3.7
2023-01-15T02:00:00+0200,148.89,27045.55,45789.35,2991,3918,30.2
2023-01-15T03:00:00+0200,107.48,22460.01,36094.89,8044,4149,25.2
2023-01-15T04:00:00+0200,37.91,32678.59,48787.19,3796,1910,24.7
2023-01-15T05:00:00+0200,130.88,43944.4,29943.05,9046,179,6.1
2023-01-15T06:00:00+0200,57.64,44836.11,44603.01,5654,1730,3.1
2023-01-15T07:00:00+0200,58.74,40522.31,34244.65,717,4421,5.4
2023-01-15T08:00:00+0200,51.85,37222.07,35396.68,1478,260,26.7
2023-01-15T09:00:00+0200,95.53,25703.82,42407.46,5279,2033,14.5
2023-01-15T10:00:00+0200,125.2,31472.91,31448.26,7456,4751,13.5
2023-01-15T11:00:00+0200,119.24,10550.31,27280.63,5619,1901,-8.7
2023-01-15T12:00:00+0200,88.32,28624.61,29177.3,2228,3217,0.3
2023-01-15T13:00:00+0200,142.37,16515.77,14660.51,1560,4911,25.3
2023-01-15T14:00:00+0200,54.95,14684.53,48535.77,4150,542,16.0
2023-01-15T15:00:00+0200,145.85,30473.82,51413.6,9942,3010,-8.9
2023-01-15T16:00:00+0200,53.13,46425.69,43569.14,4673,2574,29.5
2023-01-15T17:00:00+0200,78.34,18644.67,12110.73,5141,2872,18.6
2023-01-15T18:00:00+0200,87.43,19581.95,19883.88,9689,3948,28.6
2023-01-15T19:00:00+0200,83.91,17884.25,48366.79,6825,188,17.0
2023-01-15T20:00:00+0200,41.28,49091.74,14337.22,5954,4849,11.1
2023-01-15T21:00:00+0200,75.89,35864.14,12007.88,6918,418,-4.0
2023-01-15T22:00:00+0200,58.14,38403.2,41195.33,565,617,16.4
2023-01-15T23:00:00+0200,122.86,24062.36,37786.9,429,2920,19.2
2023-01-16T00:00:00+0200,37.98,12662.99,20784.44,3086,2086,-6.8
2023-01-16T01:00:00+0200,31.49,23909.81,46372.44,7313,1968,14.5
2023-01-16T02:00:00+0200,100.37,33748.19,37731.41,9962,3663,-0.2
2023-01-16T03:00:00+0200,42.29,12579.35,12858.9,1192,1806,11.4
2023-01-16T04:00:00+0200,87.02,42648.42,48794.38,3864,3588,18.3
2023-01-16T05:00:00+0200,139.06,20415.12,37707.1,5093,4733,8.9
2023-01-16T06:00:00+0200,33.54,17877.47,44426.19,6300,147,19.5
2023-01-16T07:00:00+0200,112.16,10188.89,42804.49,901,3450,19.7
2023-01-16T08:00:00+0200,118.09,20754.22,26614.54,1992,3705,0.5
2023-01-16T09:00:00+0200,98.73,48498.87,47587.09,4621,4378,-0.8
2023-01-16T10:00:00+0200,69.94,38103.08,40962.01,509,3266,29.4
2023-01-16T11:00:00+0200,102.28,31336.71,30002.96,8279,1767,7.2
2023-01-16T12:00:00+0200,76.26,46363.79,50147.42,6676,2770,24.8
2023-01-16T13:00:00+0200,103.65,10907.35,44864.94,14,2177,-5.0
2023-01-16T14:00:00+0200,122.04,45049.78,40063.31,1932,1728,8.2
2023-01-16T15:00:00+0200,94.06,37871.11,41647.1,8742,731,22.8
2023-01-16T16:00:00+0200,94.78,36302.86,35573.67,4630,559,7.1
2023-01-16T17:00:00+0200,107.75,40188.15,24281.1,2236,2210,16.1
2023-01-16T18:00:00+0200,129.98,17631.44,51563.6,2534,2159,13.3
2023-01-16T19:00:00+0200,109.42,12901.37,38323.75,4442,1810,10.8
2023-01-16T20:00:00+0200,141.39,40532.6,35008.37,5444,3680,1.1
2023-01-16T21:00:00+0200,117.28,38843.02,46000.06,3175,2297,33.4
2023-01-16T22:00:00+0200,66.31,14053.18,27326.29,5333,4129,21.6
2023-01-16T23:00:00+0200,46.44,23260.14,45178.65,1532,2688,11.5
2023-01-17T00:00:00+0200,108.01,17345.73,43906.54,6674,3214,28.4
2023-01-17T01:00:00+0200,78.78,36431.55,39977.37,935,308,32.1
2023-01-17T02:00:00+0200,114.6,11873.4,33724.29,177,3556,-3.1
2023-01-17T03:00:00+0200,107.32,14982.77,47274.05,5133,275,3.9
2023-01-17T04:00:00+0200,100.06,34578.64,35555.75,109,2993,33.2
2023-01-17T05:00:00+0200,86.48,33001.64,25032.37,4084,839,2.3
2023-01-17T06:00:00+0200,60.1,32235.31,18335.14,6701,1056,27.6
2023-01-17T07:00:00+0200,134.27,23383.68,49494.21,8330,662,17.3
2023-01-17T08:00:00+0200,142.51,47647.09,48871.97,9551,3524,6.4
2023-01-17T09:00:00+0200,45.56,40080.3,17053.54,9832,4671,0.8
2023-01-17T10:00:00+0200,95.18,41803.82,51020.4,1374,1354,27.7
2023-01-17T11:00:00+0200,49.48,34193.98,51726.59,7258,926,-6.3
2023-01-17T12:00:00+0200,64.87,14994.84,16571.75,8555,4615,18.1
2023-01-17T13:00:00+0200,128.93,33454.96,39086.04,1698,84,11.7
2023-01-17T14:00:00+0200,147.77,36728.95,34638.23,9455,1259,22.1
2023-01-17T15:00:00+0200,102.98,13896.81,39057.72,5555,1804,-6.1
2023-01-17T16:00:00+0200,39.47,36670.4,33963.21,6153,1851,-5.7
2023-01-17T17:00:00+0200,44.35,40420.4,49841.66,280,3462,14.0
2023-01-17T18:00:00+0200,129.21,11339.97,34816.33,8049,1953,18.1
2023-01-17T19:00:00+0200,103.26,24358.36,36441.22,8256,709,18.1
2023-01-17T20:00:00+0200,129.92,31645.2,12773.97,8763,2635,12.3
2023-01-17T21:00:00+0200,56.95,47096.35,31910.94,9765,4390,11.4
2023-01-17T22:00:00+0200,60.07,39122.33,22799.71,8643,427,-9.4
2023-01-17T23:00:00+0200,92.41,19163.11,29819.23,1477,3903,23.9
2023-01-18T00:00:00+0200,47.89,28694.5,39217.07,8197,733,30.9
2023-01-18T01:00:00+0200,101.51,17009.05,48310.46,2663,431,9.9
2023-01-18T02:00:00+0200,59.95,45002.71,23101.79,6739,3034,30.2
2023-01-18T03:00:00+0200,53.37,31825.08,18028.68,4693,1654,15.7
2023-01-18T04:00:00+0200,143.99,16246.75,13708.74,3857,3616,25.1
2023-01-18T05:00:00+0200,46.63,43056.26,21145.35,6556,1299,26.9
2023-01-18T06:00:00+0200,124.52,16694.0,14916.93,7392,1285,26.5
2023-01-18T07:00:00+0200,107.36,34145.66,45801.59,8763,2633,0.5
2023-01-18T08:00:00+0200,34.93,19099.08,32173.22,7756,802,3.8
2023-01-18T09:00:00+0200,41.79,12558.06,17622.15,8564,3562,28.6
2023-01-18T10:00:00+0200,70.53,45836.86,50636.27,8179,680,24.5
2023-01-18T11:00:00+0200,45.95,46430.43,39329.16,9672,4238,2.9
2023-01-18T12:00:00+0200,47.88,36616.24,31470.58,6340,1859,2.2
2023-01-18T13:00:00+0200,147.53,12274.16,44285.09,6346,2817,8.1
2023-01-18T14:00:00+0200,122.57,40179.91,19078.15,8281,110,-5.1
2023-01-18T15:00:00+0200,118.75,24394.29,14978.89,8419,2806,-8.4
2023-01-18T16:00:00+0200,145.94,15622.93,37011.52,4102,3461,20.8
2023-01-18T17:00:00+0200,78.47,12062.89,22121.09,1948,1848,33.7
2023-01-18T18:00:00+0200,125.46,10781.77,32700.95,7379,2074,21.6
2023-01-18T19:00:00+0200,148.22,46157.06,34400.22,4039,4100,1.6
2023-01-18T20:00:00+0200,146.04,24865.1,46728.94,9653,1488,15.7
2023-01-18T21:00:00+0200,125.36,10690.78,26074.75,5495,2429,1.8
2023-01-18T22:00:00+0200,110.18,13707.13,17071.87,6541,1878,22.1
2023-01-18T23:00:00+0200,131.43,23565.96,48131.41,4319,2659,-1.9
2023-01-19T00:00:00+0200,128.15,44273.78,39664.79,9297,4245,6.7
2023-01-19T01:00:00+0200,65.04,23671.53,25508.37,5425,753,-9.7
2023-01-19T02:00:00+0200,80.72,33708.6,12210.32,1738,4890,7.2
2023-01-19T03:00:00+0200,74.42,22672.88,17056.62,8029,94,10.8
2023-01-19T04:00:00+0200,48.33,40368.75,45667.18,8168,2954,-1.7
2023-01-19T05:00:00+0200,59.97,45913.54,12659.45,7838,2448,12.5
2023-01-19T06:00:00+0200,43.91,19363.54,37265.76,2006,4256,1.6
2023-01-19T07:00:00+0200,87.8,32730.67,25919.74,6642,4803,34.6
2023-01-19T08:00:00+0200,43.29,44955.84,19451.92,3245,4062,8.4
2023-01-19T09:00:00+0200,45.9,43563.77,49694.1,7002,3499,24.4
2023-01-19T10:00:00+0200,109.59,14086.58,20407.32,8381,4722,22.8
2023-01-19T11:00:00+0200,96.72,29946.09,25707.91,8071,1540,-4.5
2023-01-19T12:00:00+0200,50.61,49215.78,44685.05,8688,2510,20.6
2023-01-19T13:00:00+0200,77.15,14429.09,15260.44,1677,748,18.3
2023-01-19T14:00:00+0200,126.56,41891.54,37540.92,8072,160,35.0
2023-01-19T15:00:00+0200,47.76,38499.31,43811.47,6590,2775,12.7
2023-01-19T16:00:00+0200,34.01,36626.28,48054.93,8348,2769,34.7
2023-01-19T17:00:00+0200,30.88,14197.51,14437.07,3090,704,-4.2
2023-01-19T18:00:00+0200,116.15,37666.56,14247.95,5344,2214,28.7
2023-01-19T19:00:00+0200,108.47,18972.26,33611.6,6408,1763,8.8
2023-01-19T20:00:00+0200,45.22,12511.01,14502.49,9248,2212,-7.2
2023-01-19T21:00:00+0200,72.25,11323.46,19491.49,7051,2569,-7.0
2023-01-19T22:00:00+0200,144.35,12856.71,29125.86,779,3104,33.1
2023-01-19T23:00:00+0200,90.31,10234.97,48482.14,4102,260,4.4
2023-01-20T00:00:00+0200,109.07,26065.41,47696.63,1857,1412,23.6
2023-01-20T01:00:00+0200,86.1,16703.91,31860.34,3597,1512,5.1
2023-01-20T02:00:00+0200,63.39,47820.81,28529.02,192,4424,3.8
2023-01-20T03:00:00+0200,78.23,39562.37,43227.6,7667,2981,28.8
2023-01-20T04:00:00+0200,73.04,49326.98,49093.89,9298,2471,28.4
2023-01-20T05:00:00+0200,71.73,33547.65,24998.56,4520,3075,15.8
2023-01-20T06:00:00+0200,125.29,48018.55,43948.38,7867,3242,30.5
2023-01-20T07:00:00+0200,137.83,27185.16,31836.31,3877,4486,24.5
2023-01-20T08:00:00+0200,50.62,43695.5,50932.77,4229,4912,-4.0
2023-01-20T09:00:00+0200,129.67,24406.46,44213.86,5698,3217,-0.1
2023-01-20T10:00:00+0200,72.41,31599.08,49975.64,7358,665,20.9
2023-01-20T11:00:00+0200,47.56,25528.85,15324.49,2006,2331,34.0
2023-01-20T12:00:00+0200,51.74,34858.91,26969.94,9155,4120,19.5
2023-01-20T13:00:00+0200,86.03,39893.27,23191.53,9766,3642,6.9
2023-01-20T14:00:00+0200,44.38,22904.19,43940.02,3664,2527,21.2
2023-01-20T15:00:00+0200,148.6,36850.3,23417.56,3992,4501,6.0
2023-01-20T16:00:00+0200,128.61,45227.79,50086.42,1097,4584,31.7
2023-01-20T17:00:00+0200,30.26,27345.98,51077.35,3947,1880,27.5
2023-01-20T18:00:00+0200,111.86,21592.7,38318.71,8587,2194,20.0
2023-01-20T19:00:00+0200,100.05,17786.47,43575.39,8126,4929,12.5
2023-01-20T20:00:00+0200,55.8,27875.67,47124.55,6595,1593,13.7
2023-01-20T21:00:00+0200,91.92,49506.31,35630.0,9271,525,8.0
2023-01-20T22:00:00+0200,138.04,11162.22,47003.92,8976,2160,20.0
2023-01-20T23:00:00+0200,102.49,17685.69,32029.1,212,4397,25.4
2023-01-21T00:00:00+0200,70.02,11344.54,34703.88,8505,4979,10.3
2023-01-21T01:00:00+0200,64.02,48492.91,13036.64,3455,1222,16.1
2023-01-21T02:00:00+0200,49.78,29307.16,21420.11,2776,4029,26.9
2023-01-21T03:00:00+0200,119.74,34695.63,33752.81,8744,1234,8.4
2023-01-21T04:00:00+0200,130.09,21411.66,36976.05,18,252,-1.4
2023-01-21T05:00:00+0200,101.02,12267.62,13049.18,6047,4301,5.4
2023-01-21T06:00:00+0200,85.53,30384.36,32519.9,4340,4854,8.4
2023-01-21T07:00:00+0200,58.87,42275.48,43001.92,9418,1018,32.4
2023-01-21T08:00:00+0200,75.75,13634.28,22687.05,1178,4743,28.4
2023-01-21T09:00:00+0200,31.12,35531.29,34441.76,5334,3062,-2.9
2023-01-21T10:00:00+0200,90.56,11776.92,42583.95,7836,4384,26.2
2023-01-21T11:00:00+0200,82.54,15854.91,45471.04,7357,392,10.8
2023-01-21T12:00:00+0200,41.43,32212.65,44474.03,2984,1838,24.4
2023-01-21T13:00:00+0200,125.3,19962.7,29809.52,5650,4788,16.6
2023-01-21T14:00:00+0200,59.47,46826.22,15769.03,1462,379,24.0
2023-01-21T15:00:00+0200,78.7,22538.25,21283.65,7619,3795,33.3
2023-01-21T16:00:00+0200,51.91,18866.26,13829.68,1998,1306,30.6
2023-01-21T17:00:00+0200,50.98,16680.59,37911.9,9928,1673,14.0
2023-01-21T18:00:00+0200,34.5,47407.32,38354.45,6938,505,1.6
2023-01-21T19:00:00+0200,147.81,36716.4,40233.6,1098,4249,17.6
2023-01-21T20:00:00+0200,114.16,26984.73,16148.12,1402,4179,-8.5
2023-01-21T21:00:00+0200,143.28,22764.42,13127.92,5165,2983,8.5
2023-01-21T22:00:00+0200,70.14,16634.67,31782.24,9353,409,-7.6
2023-01-21T23:00:00+0200,143.45,43185.09,21309.79,1149,3447,20.2
2023-01-22T00:00:00+0200,81.64,43412.18,15883.29,7764,3964,11.0
2023-01-22T01:00:00+0200,133.72,39183.43,24800.82,4388,2350,24.5
2023-01-22T02:00:00+0200,62.71,33872.36,24007.94,6366,270,3.0
2023-01-22T03:00:00+0200,140.71,15373.76,34183.23,4829,3712,-4.9
2023-01-22T04:00:00+0200,63.13,41740.78,28638.11,9711,4603,19.9
2023-01-22T05:00:00+0200,58.32,27889.19,49377.55,6395,373,4.5
2023-01-22T06:00:00+0200,46.33,43132.92,19847.96,9613,3528,25.3
2023-01-22T07:00:00+0200,50.15,12912.3,29413.01,5998,1233,34.4
2023-01-22T08:00:00+0200,116.31,13920.86,16724.67,9608,4467,27.3
2023-01-22T09:00:00+0200,30.66,10770.39,30104.37,3657,323,31.4
2023-01-22T10:00:00+0200,60.38,45407.92,39210.55,1412,1401,-1.2
2023-01-22T11:00:00+0200,36.81,41577.38,29040.37,2659,3899,15.4
2023-01-22T12:00:00+0200,51.47,16512.82,36479.67,9254,1432,21.2
2023-01-22T13:00:00+0200,141.48,47547.56,20047.55,9236,2477,-3.0
2023-01-22T14:00:00+0200,51.65,22045.22,13357.65,5182,1875,8.2
2023-01-22T15:00:00+0200,48.76,15950.27,48162.59,6605,2448,13.5
2023-01-22T16:00:00+0200,141.07,41555.91,32159.22,7022,4033,13.7
2023-01-22T17:00:00+0200,46.61,40252.46,51550.73,948,1789,1.5
2023-01-22T18:00:00+0200,42.94,22232.14,34971.89,8527,1213,17.1
2023-01-22T19:00:00+0200,75.91,18761.11,37520.16,8714,2045,19.8
2023-01-22T20:00:00+0200,83.82,34128.08,17556.6,9836,3336,5.0
2023-01-22T21:00:00+0200,37.62,33785.12,38175.27,9379,2990,-3.5
2023-01-22T22:00:00+0200,43.44,42665.06,25914.03,2474,3578,15.3
2023-01-22T23:00:00+0200,84.36,29741.0,48330.51,883,1890,10.0
2023-01-23T00:00:00+0200,127.52,40079.54,17186.24,4659,3076,24.7
2023-01-23T01:00:00+0200,52.38,10426.41,42085.53,4712,805,14.7
2023-01-23T02:00:00+0200,112.82,45685.67,12843.75,3962,4052,2.8
2023-01-23T03:00:00+0200,51.45,23633.33,33409.38,3065,1397,4.6
2023-01-23T04:00:00+0200,99.69,12835.55,33089.54,1771,3256,27.8
2023-01-23T05:00:00+0200,44.16,29281.91,22942.8,6386,1932,26.1
2023-01-23T06:00:00+0200,62.26,34901.4,42476.68,1286,1873,9.6
2023-01-23T07:00:00+0200,43.13,43203.59,24084.77,100,701,0.5
2023-01-23T08:00:00+0200,129.6,24252.55,35055.45,6560,2331,-4.2
2023-01-23T09:00:00+0200,53.1,45716.81,26383.04,8077,2508,-7.8
2023-01-23T10:00:00+0200,34.15,46366.44,15644.35,227,2215,20.6
2023-01-23T11:00:00+0200,118.67,29626.4,23391.47,3252,4538,-6.9
2023-01-23T12:00:00+0200,71.93,24356.36,30530.68,7591,3507,-8.3
2023-01-23T13:00:00+0200,40.35,42478.66,31678.49,4302,517,23.0
2023-01-23T14:00:00+0200,44.78,17996.18,46741.55,728,590,29.3
2023-01-23T15:00:00+0200,30.17,46669.28,12024.34,7521,2852,7.6
2023-01-23T16:00:00+0200,139.06,11828.98,36689.95,8513,3173,5.0
2023-01-23T17:00:00+0200,64.34,49517.39,24764.28,3197,418,-5.1
2023-01-23T18:00:00+0200,79.01,10851.26,46030.4,9472,505,10.6
2023-01-23T19:00:00+0200,89.31,42445.77,36631.5,6261,4927,34.1
2023-01-23T20:00:00+0200,53.94,37864.14,47661.26,5035,2808,30.6
2023-01-23T21:00:00+0200,48.34,17719.31,25570.41,8434,740,20.6
2023-01-23T22:00:00+0200,50.68,21192.59,29756.72,4885,763,28.6
2023-01-23T23:00:00+0200,92.45,24090.86,19261.27,233,884,-3.6
2023-01-24T00:00:00+0200,45.56,11045.04,40969.01,6792,4054,33.5
2023-01-24T01:00:00+0200,140.33,39779.81,44210.52,4757,2611,21.2
2023-01-24T02:00:00+0200,98.89,23128.95,48374.65,6907,82,-5.7
2023-01-24T03:00:00+0200,140.38,14588.3,14220.06,1800,176,15.2
2023-01-24T04:00:00+0200,49.53,27232.53,13757.1,8412,737,16.9
2023-01-24T05:00:00+0200,114.63,17967.47,39621.29,103,1772,10.4
2023-01-24T06:00:00+0200,137.51,38823.0,47144.72,1534,1560,30.8
2023-01-24T07:00:00+0200,37.53,29490.47,23260.87,8545,2934,-0.2
2023-01-24T08:00:00+0200,135.35,40571.06,13654.48,3659,1926,21.6
2023-01-24T09:00:00+0200,82.26,38870.48,25691.35,3821,4824,18.4
2023-01-24T10:00:00+0200,129.0,48114.53,43559.0,1195,351,8.7
2023-01-24T11:00:00+0200,142.0,33905.57,41154.22,9754,4357,27.5
2023-01-24T12:00:00+0200,100.07,42909.93,38940.56,2190,1017,-8.4
2023-01-24T13:00:00+0200,87.43,29011.07,24478.08,3750,4388,28.4
2023-01-24T14:00:00+0200,44.04,11684.81,38257.06,950,282,1.1
2023-01-24T15:00:00+0200,89.46,10982.05,26098.12,4472,2121,19.0
2023-01-24T16:00:00+0200,121.42,33732.02,34045.58,8440,3833,18.3
2023-01-24T17:00:00+0200,141.52,43383.81,27271.07,6659,4546,3.6
2023-01-24T18:00:00+0200,56.49,40213.8,18384.92,7812,1359,31.9
2023-01-24T19:00:00+0200,125.85,37103.7,45532.81,2461,2332,8.3
2023-01-24T20:00:00+0200,40.35,16797.17,22139.46,8056,4783,29.9
2023-01-24T21:00:00+0200,137.65,11377.09,47976.21,1165,4424,-1.2
2023-01-24T22:00:00+0200,94.9,15887.02,42362.64,726,4908,-4.6
2023-01-24T23:00:00+0200,137.33,18503.07,14799.28,219,1119,25.9
2023-01-25T00:00:00+0200,37.22,22638.29,13488.95,7542,2114,12.3
2023-01-25T01:00:00+0200,101.09,34299.74,13880.12,4656,2273,5.9
2023-01-25T02:00:00+0200,103.97,15207.34,40947.75,4566,4803,10.1
2023-01-25T03:00:00+0200,33.27,40296.17,48322.66,852,3157,-9.8
2023-01-25T04:00:00+0200,108.52,26645.04,38198.84,296,807,25.8
2023-01-25T05:00:00+0200,33.4,40791.46,50948.54,6387,2041,26.2
2023-01-25T06:00:00+0200,124.92,42797.82,28914.68,9282,2515,1.0
2023-01-25T07:00:00+0200,52.63,29741.25,34980.69,7878,26,18.4
2023-01-25T08:00:00+0200,85.32,29756.59,19027.06,5603,705,23.8
2023-01-25T09:00:00+0200,116.82,47165.83,16797.22,787,1596,17.5
2023-01-25T10:00:00+0200,137.66,39838.0,39931.87,2116,1312,3.1
2023-01-25T11:00:00+0200,55.79,22045.99,50995.08,8951,1322,23.2
2023-01-25T12:00:00+0200,30.9,28136.59,13102.51,9979,1727,5.4
2023-01-25T13:00:00+0200,93.75,33324.57,32158.51,5837,1822,7.6
2023-01-25T14:00:00+0200,140.68,41369.9,15568.46,8084,4176,26.6
2023-01-25T15:00:00+0200,73.24,14897.57,15002.01,837,441,-2.1
2023-01-25T16:00:00+0200,101.73,41586.57,21243.46,4346,599,18.2
2023-01-25T17:00:00+0200,53.39,21977.37,51232.37,9022,1222,25.8
2023-01-25T18:00:00+0200,77.88,46241.18,29041.34,5515,4830,13.9
2023-01-25T19:00:00+0200,76.27,16357.17,40856.08,7383,893,29.5
2023-01-25T20:00:00+0200,103.89,34327.07,16782.69,1588,1654,20.0
2023-01-25T21:00:00+0200,82.29,30218.65,27270.49,3598,3027,26.7
2023-01-25T22:00:00+0200,95.34,24128.42,39191.5,229,3817,9.2
2023-01-25T23:00:00+0200,147.63,37005.35,37511.05,8315,1132,21.5
2023-01-26T00:00:00+0200,57.09,20572.73,50482.59,9399,3518,13.7
2023-01-26T01:00:00+0200,87.71,20237.95,12844.05,6320,2948,20.5
2023-01-26T02:00:00+0200,127.28,15333.79,23601.9,1397,4211,16.6
2023-01-26T03:00:00+0200,76.41,11732.82,21744.92,5334,2214,33.2
2023-01-26T04:00:00+0200,81.24,49336.4,22001.17,2860,1256,-5.1
2023-01-26T05:00:00+0200,135.63,16038.07,39736.99,5328,4401,9.0
2023-01-26T06:00:00+0200,99.34,25524.92,20883.65,3282,3078,25.3
2023-01-26T07:00:00+0200,112.78,30253.28,23656.01,8234,1090,27.9
2023-01-26T08:00:00+0200,79.26,39209.36,46271.04,5602,2114,33.0
2023-01-26T09:00:00+0200,97.42,40168.03,40431.69,3924,887,21.1
2023-01-26T10:00:00+0200,124.51,28041.12,25913.23,2416,3983,11.3
2023-01-26T11:00:00+0200,81.96,37754.49,38441.16,8031,1628,14.0
2023-01-26T12:00:00+0200,74.45,29886.89,16745.86,2573,1924,-8.5
2023-01-26T13:00:00+0200,41.23,39349.92,26700.51,884,1964,1.2
2023-01-26T14:00:00+0200,40.57,37329.78,25078.94,9521,3005,30.8
2023-01-26T15:00:00+0200,51.14,31689.26,24005.1,8649,2372,3.8
2023-01-26T16:00:00+0200,87.32,14684.52,13170.11,7978,536,32.6
2023-01-26T17:00:00+0200,95.35,11940.59,23991.03,3387,3251,9.1
2023-01-26T18:00:00+0200,51.34,19079.04,39077.9,2940,1495,27.0
2023-01-26T19:00:00+0200,68.07,41213.31,41957.97,3090,3399,29.2
2023-01-26T20:00:00+0200,60.27,21745.29,38310.93,4003,3814,31.7
2023-01-26T21:00:00+0200,99.54,35019.71,24953.11,7431,4457,34.5
2023-01-26T22:00:00+0200,148.39,12654.04,51280.13,8328,2356,16.0
2023-01-26T23:00:00+0200,98.04,34366.58,48665.46,8834,4431,26.4
2023-01-27T00:00:00+0200,84.77,30784.09,45490.09,7103,424,9.9
2023-01-27T01:00:00+0200,91.75,33448.27,26023.13,7958,2396,34.0
2023-01-27T02:00:00+0200,104.78,19336.01,27173.22,5753,3729,18.7
2023-01-27T03:00:00+0200,140.59,29702.43,33203.06,4609,1890,34.2
2023-01-27T04:00:00+0200,97.83,37506.37,12406.13,1643,772,11.1
2023-01-27T05:00:00+0200,47.21,12923.53,41277.48,5638,3063,20.1
2023-01-27T06:00:00+0200,43.13,42201.3,22010.53,1887,2519,24.8
2023-01-27T07:00:00+0200,141.4,31207.29,36478.51,3158,3634,16.4
2023-01-27T08:00:00+0200,69.26,19960.3,38986.14,6653,778,23.2
2023-01-27T09:00:00+0200,83.34,22411.78,46311.59,8236,4318,28.0
2023-01-27T10:00:00+0200,91.13,23518.91,48865.46,5498,4604,-9.6
2023-01-27T11:00:00+0200,146.12,42134.05,26918.9,2358,1270,26.4
2023-01-27T12:00:00+0200,52.23,28062.88,33743.58,7133,838,-5.6
2023-01-27T13:00:00+0200,35.48,25499.4,45778.39,5287,4169,20.7
2023-01-27T14:00:00+0200,117.02,33028.63,42226.99,6436,2365,-1.0
2023-01-27T15:00:00+0200,139.53,47352.13,48828.33,3997,1126,2.6
2023-01-27T16:00:00+0200,33.48,14119.58,13619.47,3253,1743,31.1
2023-01-27T17:00:00+0200,123.6,32031.58,48607.39,3969,2482,-6.5
2023-01-27T18:00:00+0200,113.09,47350.93,14409.88,8259,1038,5.9
2023-01-27T19:00:00+0200,88.93,34881.84,21254.5,4849,4921,5.3
2023-01-27T20:00:00+0200,96.72,17793.1,26949.39,3514,4780,1.1
2023-01-27T21:00:00+0200,114.56,23011.14,14470.0,8302,720,6.2
2023-01-27T22:00:00+0200,71.02,33817.94,35919.65,4736,4734,10.8
2023-01-27T23:00:00+0200,82.78,46962.83,51874.76,2738,1388,7.9
2023-01-28T00:00:00+0200,63.92,16338.8,47235.38,6194,2433,17.4
2023-01-28T01:00:00+0200,142.7,34311.69,19394.77,5553,1110,-7.1
2023-01-28T02:00:00+0200,85.32,23510.16,45201.62,9538,4039,26.6
2023-01-28T03:00:00+0200,36.92,21746.52,12476.69,1758,1891,23.3
2023-01-28T04:00:00+0200,72.88,48891.78,48319.27,4927,3926,2.7
2023-01-28T05:00:00+0200,142.58,33052.33,30999.08,7218,62,3.8
2023-01-28T06:00:00+0200,55.64,36286.7,21844.22,6496,3592,-6.1
2023-01-28T07:00:00+0200,142.92,22122.71,35020.86,6362,1801,17.3
2023-01-28T08:00:00+0200,57.02,32340.42,16599.75,3427,4492,8.9
2023-01-28T09:00:00+0200,57.97,42258.93,22443.62,9383,1502,30.3
2023-01-28T10:00:00+0200,82.44,13884.99,29014.48,4901,1526,10.0
2023-01-28T11:00:00+0200,64.36,24033.06,18898.16,9853,2138,-3.3
2023-01-28T12:00:00+0200,31.06,11579.02,28548.36,9492,3347,-1.5
2023-01-28T13:00:00+0200,125.89,16673.35,49359.11,8393,1499,0.9
2023-01-28T14:00:00+0200,30.5,28193.52,43343.24,1865,3066,6.8
2023-01-28T15:00:00+0200,88.99,49251.75,32942.56,9970,3557,32.5
2023-01-28T16:00:00+0200,140.7,45793.5,47310.6,8987,4522,18.6
2023-01-28T17:00:00+0200,42.96,33198.34,37037.94,3792,2115,-7.6
2023-01-28T18:00:00+0200,130.23,39274.02,28052.6,3903,574,9.8
2023-01-28T19:00:00+0200,31.86,49200.34,16242.04,7771,120,19.4
2023-01-28T20:00:00+0200,39.5,33821.66,22625.97,5324,2925,15.1
2023-01-28T21:00:00+0200,30.07,20254.85,27754.72,6039,2599,27.0
2023-01-28T22:00:00+0200,76.73,45468.86,24494.1,7033,1736,18.1
2023-01-28T23:00:00+0200,84.24,29537.45,25585.18,1446,1883,13.8
2023-01-29T00:00:00+0200,40.33,27709.35,23069.07,9488,944,-8.9
2023-01-29T01:00:00+0200,86.48,35188.66,13737.59,1767,2527,29.4
2023-01-29T02:00:00+0200,70.0,37491.61,16070.09,5889,4079,8.4
2023-01-29T03:00:00+0200,82.18,38008.75,34856.65,5301,4233,-8.2
2023-01-29T04:00:00+0200,141.71,28449.47,42442.61,1112,655,12.9
2023-01-29T05:00:00+0200,69.29,17943.43,42149.62,3007,4411,25.2
2023-01-29T06:00:00+0200,130.65,46590.93,36591.69,5351,2518,30.6
2023-01-29T07:00:00+0200,114.07,12280.52,38169.44,7235,817,1.1
2023-01-29T08:00:00+0200,144.32,35773.29,43013.25,582,2932,5.3
2023-01-29T09:00:00+0200,76.86,19869.86,25197.25,8095,9,10.7
2023-01-29T10:00:00+0200,65.74,34673.14,35606.42,5391,4821,8.3
2023-01-29T11:00:00+0200,37.37,10923.55,28335.78,8357,4599,21.6
2023-01-29T12:00:00+0200,72.56,20056.35,13714.94,7087,2515,27.4
2023-01-29T13:00:00+0200,130.62,22758.32,29056.89,1108,1194,28.1
2023-01-29T14:00:00+0200,31.81,20040.25,20108.5,140,111,-7.0
2023-01-29T15:00:00+0200,145.24,43143.15,51635.97,8504,1526,-5.0
2023-01-29T16:00:00+0200,53.05,24610.45,22795.41,1961,3150,-9.8
2023-01-29T17:00:00+0200,142.78,29490.81,37015.14,9171,3859,23.4
2023-01-29T18:00:00+0200,76.02,27542.33,27271.93,2125,4400,3.1
2023-01-29T19:00:00+0200,136.48,17010.02,35443.4,8602,3129,24.3
2023-01-29T20:00:00+0200,127.77,22067.81,51534.78,9816,3179,14.4
2023-01-29T21:00:00+0200,133.27,43089.74,26039.04,5131,3628,34.8
2023-01-29T22:00:00+0200,35.79,21772.99,45889.07,6286,3350,-5.8
2023-01-29T23:00:00+0200,138.34,28031.66,16628.45,8456,4074,16.9
2023-01-30T00:00:00+0200,43.8,40030.33,14812.03,2162,2038,23.4
2023-01-30T01:00:00+0200,101.92,34422.38,28705.0,4526,2988,17.6
2023-01-30T02:00:00+0200,104.44,49362.54,36515.1,8600,1529,9.0
2023-01-30T03:00:00+0200,46.92,38462.9,37361.95,7300,4080,1.8
2023-01-30T04:00:00+0200,94.4,16225.93,37884.7,2469,230,34.9
2023-01-30T05:00:00+0200,98.67,17709.25,50836.13,8233,4272,15.0
2023-01-30T06:00:00+0200,134.98,23127.16,45702.37,7035,4087,15.4
2023-01-30T07:00:00+0200,108.47,31636.65,47465.41,6531,2784,-5.0
2023-01-30T08:00:00+0200,134.16,23685.53,20593.26,1903,1795,13.1
2023-01-30T09:00:00+0200,117.03,43463.65,46197.17,2879,2271,22.1
2023-01-30T10:00:00+0200,93.64,33120.28,42206.32,813,556,0.6
2023-01-30T11:00:00+0200,84.74,41732.32,36699.16,5879,2813,6.4
2023-01-30T12:00:00+0200,100.68,43804.21,28264.34,6054,1735,-7.7
2023-01-30T13:00:00+0200,135.81,14475.2,38298.13,8982,2277,-1.2
2023-01-30T14:00:00+0200,35.6,13864.55,37922.33,8166,4493,15.6
2023-01-30T15:00:00+0200,127.66,48878.55,35241.8,7924,4804,-2.7
2023-01-30T16:00:00+0200,67.98,19368.68,17829.08,8613,88,33.5
2023-01-30T17:00:00+0200,103.5,41304.22,34038.67,7634,4731,-9.4
2023-01-30T18:00:00+0200,118.99,47098.26,49558.44,4763,1719,-1.3
2023-01-30T19:00:00+0200,124.69,36169.16,17509.49,9641,3719,34.0
2023-01-30T20:00:00+0200,36.41,18394.1,18558.37,5493,2823,-2.3
2023-01-30T21:00:00+0200,111.82,40696.14,48260.46,8091,3393,1.3
2023-01-30T22:00:00+0200,114.29,31612.08,28654.89,2597,4953,26.0
2023-01-30T23:00:00+0200,59.43,32091.97,14728.65,6507,2188,9.9
2023-01-31T00:00:00+0200,46.82,32990.29,37671.96,6741,888,20.5
